<wpml-config>
    <custom-types>
        <custom-type translate="1">portfolio-post</custom-type>
        <custom-type translate="1">ishyoboy_slides</custom-type>
    </custom-types>    
    <taxonomies>
        <taxonomy translate="1">portfolio-category</taxonomy>
        <taxonomy translate="1">slides_categories</taxonomy>
    </taxonomies>
    <language-switcher-settings>
        <key name="icl_language_switcher_sidebar">0</key>  
        <key name="icl_widget_title_show">0</key>
        <key name="icl_lang_sel_type">dropdown</key>
        <key name="icl_lso_link_empty">0</key>
        <key name="icl_lso_flags">1</key>
        <key name="icl_lso_native_lang">1</key>
        <key name="icl_lso_display_lang">1</key>
        <key name="icl_lang_sel_footer">0</key>
        <key name="icl_post_availability">0</key>
        <key name="icl_post_availability_position">below</key>
        <key name="icl_post_availability_text">This post is also available in: %s</key>
    </language-switcher-settings>    
</wpml-config>


